"IndividualId","Time [min]","Organism|PeripheralVenousBlood|Dextromethorphan|Plasma (Peripheral Venous Blood) [µmol/l]","Organism|PeripheralVenousBlood|Dextrorphan|Plasma (Peripheral Venous Blood) [µmol/l]","Organism|PeripheralVenousBlood|Dextrorphan|Dextrorphan-total Plasma (Peripheral Venous Blood) [kg/l]","Organism|PeripheralVenousBlood|Dextrorphan-O-glucuronide|Plasma (Peripheral Venous Blood) [µmol/l]"
0,0,0,0,0,0
0,3,2.311285E-06,7.208759E-06,1.872695E-12,6.751618E-08
0,6,2.476087E-05,0.0001504565,4.054968E-11,7.097493E-06
0,9,8.533919E-05,0.0006433652,1.84081E-10,7.187336E-05
0,12,0.0001976206,0.001601698,4.928725E-10,0.0003133373
0,15,0.0003710245,0.003055984,1.016651E-09,0.0008941687
0,18,0.0006106091,0.004982986,1.792581E-09,0.001982011
0,21,0.0009176237,0.007333104,2.844497E-09,0.003719067
0,24,0.001290219,0.01004762,4.183303E-09,0.006206425
0,27,0.001724122,0.01306667,5.80818E-09,0.009500759
0,30,0.002213252,0.01633261,7.708478E-09,0.01361835
0,33,0.002750275,0.01979148,9.86595E-09,0.01854224
0,36,0.003327092,0.02339384,1.225698E-08,0.02423013
0,39,0.003935257,0.02709523,1.485459E-08,0.03062164
0,42,0.004566318,0.03085632,1.763008E-08,0.03764461
0,45,0.005212079,0.03464279,2.055436E-08,0.04522028
0,48,0.005864805,0.03842512,2.359888E-08,0.05326732
0,51,0.006517351,0.04217819,2.673638E-08,0.06170487
0,54,0.007163252,0.04588081,2.994129E-08,0.07045478
0,57,0.007796765,0.04951529,3.319003E-08,0.07944314
0,60,0.008412884,0.05306692,3.646111E-08,0.08860113
0,63,0.009007323,0.05652359,3.973514E-08,0.09786559
0,66,0.009576497,0.05987535,4.29948E-08,0.1071791
0,69,0.01011747,0.06311414,4.62247E-08,0.1164899
0,72,0.01062793,0.0662334,4.941123E-08,0.1257518
0,75,0.01110609,0.06922796,5.254248E-08,0.1349236
0,78,0.01155071,0.07209368,5.560799E-08,0.1439688
0,81,0.01196097,0.07482742,5.859867E-08,0.1528552
0,84,0.01233645,0.07742679,6.150664E-08,0.1615546
0,87,0.01267711,0.07989011,6.432509E-08,0.1700422
0,90,0.01298318,0.08221627,6.704817E-08,0.1782965
0,93,0.01325517,0.08440471,6.96709E-08,0.1862985
0,96,0.01349382,0.08645529,7.218905E-08,0.1940322
0,99,0.01370004,0.0883683,7.459912E-08,0.2014833
0,102,0.01387489,0.09014446,7.68982E-08,0.2086402
0,105,0.01401958,0.09178476,7.908399E-08,0.2154927
0,108,0.01413539,0.0932906,8.115468E-08,0.2220324
0,111,0.01422369,0.09466369,8.310898E-08,0.2282527
0,114,0.01428591,0.09590603,8.494604E-08,0.2341482
0,117,0.01432349,0.09701996,8.666547E-08,0.239715
0,120,0.01433791,0.09800809,8.826724E-08,0.2449505
0,123,0.01433065,0.09887336,8.975177E-08,0.2498532
0,126,0.01430319,0.09961899,9.11198E-08,0.2544231
0,129,0.01425698,0.1002484,9.237248E-08,0.2586608
0,132,0.01419346,0.1007655,9.351128E-08,0.2625685
0,135,0.01411403,0.1011742,9.4538E-08,0.2661491
0,138,0.01402004,0.1014787,9.545477E-08,0.2694067
0,141,0.01391282,0.1016835,9.626402E-08,0.2723462
0,144,0.01379364,0.1017932,9.696848E-08,0.2749736
0,147,0.0136637,0.1018127,9.75711E-08,0.2772956
0,150,0.01352417,0.1017469,9.807513E-08,0.2793197
0,153,0.01337616,0.1016009,9.8484E-08,0.2810545
0,156,0.01322071,0.1013796,9.880138E-08,0.2825089
0,159,0.01305882,0.1010884,9.903107E-08,0.2836925
0,162,0.01289141,0.1007323,9.917704E-08,0.2846158
0,165,0.01271937,0.1003165,9.924339E-08,0.2852894
0,168,0.01254351,0.09984607,9.923431E-08,0.2857245
0,171,0.01236459,0.09932601,9.915403E-08,0.2859327
0,174,0.01218332,0.09876119,9.900685E-08,0.2859257
0,177,0.01200036,0.09815639,9.879707E-08,0.2857154
0,180,0.01181629,0.09751619,9.8529E-08,0.285314
0,183,0.01163169,0.09684506,9.820688E-08,0.2847335
0,186,0.01144704,0.09614723,9.783492E-08,0.2839861
0,189,0.01126281,0.09542677,9.741726E-08,0.2830838
0,192,0.01107943,0.0946875,9.695792E-08,0.2820383
0,195,0.01089725,0.09393307,9.646083E-08,0.2808613
0,198,0.01071662,0.09316688,9.592979E-08,0.2795642
0,201,0.01053784,0.09239211,9.536847E-08,0.2781579
0,204,0.01036117,0.09161173,9.478038E-08,0.2766533
0,207,0.01018684,0.09082846,9.416887E-08,0.2750606
0,210,0.01001506,0.09004483,9.353715E-08,0.2733897
0,213,0.00984601,0.08926312,9.288824E-08,0.2716501
0,216,0.009679829,0.08848541,9.2225E-08,0.2698509
0,219,0.009516646,0.08771359,9.155012E-08,0.2680004
0,222,0.009356566,0.08694933,9.08661E-08,0.266107
0,225,0.009199671,0.08619411,9.017528E-08,0.2641781
0,228,0.009046029,0.08544925,8.947984E-08,0.2622208
0,231,0.008895688,0.08471586,8.878176E-08,0.2602418
0,234,0.00874868,0.08399492,8.808288E-08,0.2582473
0,237,0.008605029,0.08328724,8.738487E-08,0.2562429
0,240,0.008464742,0.0825935,8.668926E-08,0.2542339
0,243,0.008327816,0.08191425,8.599741E-08,0.252225
0,246,0.008194239,0.08124989,8.531057E-08,0.2502206
0,249,0.008063992,0.08060076,8.462981E-08,0.2482247
0,252,0.007937044,0.07996707,8.395612E-08,0.2462408
0,255,0.007813363,0.07934893,8.329035E-08,0.2442721
0,258,0.007692909,0.07874639,8.263324E-08,0.2423215
0,261,0.007575636,0.07815944,8.198541E-08,0.2403913
0,264,0.007461495,0.07758796,8.134742E-08,0.2384839
0,267,0.007350435,0.07703184,8.071972E-08,0.2366011
0,270,0.007242398,0.07649088,8.010266E-08,0.2347445
0,273,0.007137328,0.07596484,7.949656E-08,0.2329156
0,276,0.007035166,0.07545348,7.890163E-08,0.2311154
0,279,0.006935848,0.07495648,7.831805E-08,0.2293449
0,282,0.006839316,0.07447356,7.774594E-08,0.2276049
0,285,0.006745504,0.07400438,7.718534E-08,0.2258959
0,288,0.00665435,0.07354859,7.663629E-08,0.2242184
0,291,0.006565789,0.07310585,7.609877E-08,0.2225726
0,294,0.006479759,0.07267579,7.557273E-08,0.2209588
0,297,0.006396197,0.07225806,7.505808E-08,0.2193768
0,300,0.006315039,0.07185229,7.455472E-08,0.2178268
0,303,0.006236223,0.07145812,7.406252E-08,0.2163086
0,306,0.006159687,0.07107518,7.358133E-08,0.2148219
0,309,0.00608537,0.07070312,7.3111E-08,0.2133665
0,312,0.006013213,0.0703416,7.265133E-08,0.211942
0,315,0.005943156,0.06999026,7.220216E-08,0.2105481
0,318,0.005875142,0.06964878,7.176328E-08,0.2091843
0,321,0.005809112,0.06931682,7.133449E-08,0.2078503
0,324,0.005745012,0.06899406,7.091558E-08,0.2065454
0,327,0.005682787,0.0686802,7.050635E-08,0.2052692
0,330,0.005622383,0.06837492,7.010657E-08,0.2040211
0,333,0.005563747,0.06807794,6.971602E-08,0.2028007
0,336,0.005506828,0.06778896,6.933451E-08,0.2016073
0,339,0.005451577,0.06750772,6.896181E-08,0.2004404
0,342,0.005397944,0.06723396,6.859771E-08,0.1992995
0,345,0.005345882,0.06696741,6.8242E-08,0.1981839
0,348,0.005295345,0.06670782,6.789446E-08,0.1970932
0,351,0.005246287,0.06645496,6.755489E-08,0.1960267
0,354,0.005198664,0.0662086,6.72231E-08,0.1949838
0,357,0.005152434,0.06596851,6.689887E-08,0.1939642
0,360,0.005107554,0.06573449,6.658201E-08,0.192967
0,363,0.005063984,0.06550632,6.627234E-08,0.191992
0,366,0.005021684,0.06528381,6.596965E-08,0.1910384
0,369,0.004980616,0.06506678,6.567377E-08,0.1901058
0,372,0.004940743,0.06485502,6.538452E-08,0.1891937
0,375,0.004902028,0.06464837,6.510172E-08,0.1883015
0,378,0.004864437,0.06444666,6.48252E-08,0.1874288
0,381,0.004827933,0.06424972,6.455479E-08,0.1865751
0,384,0.004792486,0.0640574,6.429034E-08,0.1857399
0,387,0.004758061,0.06386955,6.403167E-08,0.1849228
0,390,0.004724628,0.06368601,6.377865E-08,0.1841232
0,393,0.004692156,0.06350666,6.353111E-08,0.1833407
0,396,0.004660616,0.06333135,6.328892E-08,0.182575
0,399,0.004629978,0.06315995,6.305192E-08,0.1818255
0,402,0.004600215,0.06299234,6.281999E-08,0.181092
0,405,0.004571299,0.0628284,6.259297E-08,0.1803739
0,408,0.004543205,0.06266801,6.237076E-08,0.1796709
0,411,0.004515907,0.06251106,6.215321E-08,0.1789826
0,414,0.00448938,0.06235744,6.194021E-08,0.1783086
0,417,0.0044636,0.06220705,6.173163E-08,0.1776485
0,420,0.004438544,0.06205978,6.152737E-08,0.1770021
0,423,0.004414189,0.06191555,6.132728E-08,0.176369
0,426,0.004390513,0.06177425,6.11313E-08,0.1757488
0,429,0.004367494,0.0616358,6.093929E-08,0.1751412
0,432,0.004345114,0.0615001,6.075114E-08,0.1745458
0,435,0.00432335,0.06136709,6.056678E-08,0.1739625
0,438,0.004302185,0.06123666,6.038608E-08,0.1733908
0,441,0.004281598,0.06110876,6.020896E-08,0.1728306
0,444,0.004261571,0.0609833,6.003533E-08,0.1722814
0,447,0.004242088,0.06086021,5.986509E-08,0.171743
0,450,0.004223131,0.06073941,5.969815E-08,0.1712152
0,453,0.004204682,0.06062084,5.953444E-08,0.1706977
0,456,0.004186727,0.06050444,5.937387E-08,0.1701902
0,459,0.004169248,0.06039014,5.921636E-08,0.1696925
0,462,0.004152232,0.06027788,5.906182E-08,0.1692043
0,465,0.004135663,0.0601676,5.891019E-08,0.1687254
0,468,0.004119526,0.06005924,5.876139E-08,0.1682556
0,471,0.004103809,0.05995275,5.861535E-08,0.1677946
0,474,0.004088497,0.05984807,5.847199E-08,0.1673423
0,477,0.004073578,0.05974515,5.833125E-08,0.1668984
0,480,0.004059039,0.05964394,5.819306E-08,0.1664627
0,483,0.004044867,0.0595444,5.805736E-08,0.166035
0,486,0.00403105,0.05944646,5.792408E-08,0.1656151
0,489,0.004017578,0.0593501,5.779317E-08,0.1652028
0,492,0.004004439,0.05925526,5.766456E-08,0.1647979
0,495,0.003991622,0.05916191,5.753821E-08,0.1644003
0,498,0.003979117,0.05906999,5.741404E-08,0.1640098
0,501,0.003966912,0.05897947,5.7292E-08,0.1636261
0,504,0.003954999,0.05889032,5.717205E-08,0.1632492
0,507,0.003943368,0.05880248,5.705413E-08,0.1628789
0,510,0.003932009,0.05871594,5.693819E-08,0.1625149
0,513,0.003920914,0.05863064,5.682418E-08,0.1621573
0,516,0.003910074,0.05854656,5.671205E-08,0.1618057
0,519,0.003899479,0.05846366,5.660176E-08,0.16146
0,522,0.003889122,0.05838191,5.649326E-08,0.1611202
0,525,0.003878996,0.05830128,5.638651E-08,0.1607861
0,528,0.003869091,0.05822174,5.628146E-08,0.1604574
0,531,0.003859401,0.05814325,5.617807E-08,0.1601342
0,534,0.003849918,0.0580658,5.607631E-08,0.1598163
0,537,0.003840636,0.05798935,5.597612E-08,0.1595035
0,540,0.003831547,0.05791387,5.587748E-08,0.1591957
0,543,0.003822644,0.05783934,5.578034E-08,0.1588928
0,546,0.003813922,0.05776573,5.568467E-08,0.1585947
0,549,0.003805374,0.05769302,5.559043E-08,0.1583012
0,552,0.003796993,0.05762118,5.549759E-08,0.1580123
0,555,0.003788775,0.05755018,5.540612E-08,0.1577279
0,558,0.003780713,0.05748002,5.531597E-08,0.1574478
0,561,0.003772801,0.05741066,5.522712E-08,0.1571719
0,564,0.003765035,0.05734209,5.513953E-08,0.1569002
0,567,0.003757409,0.05727427,5.505319E-08,0.1566325
0,570,0.003749918,0.0572072,5.496804E-08,0.1563687
0,573,0.003742557,0.05714085,5.488407E-08,0.1561088
0,576,0.003735322,0.0570752,5.480126E-08,0.1558527
0,579,0.003728207,0.05701024,5.471955E-08,0.1556002
0,582,0.003721209,0.05694594,5.463895E-08,0.1553513
0,585,0.003714322,0.05688228,5.455941E-08,0.1551059
0,588,0.003707543,0.05681926,5.448091E-08,0.1548639
0,591,0.003700868,0.05675685,5.440342E-08,0.1546253
0,594,0.003694292,0.05669504,5.432693E-08,0.1543899
0,597,0.003687812,0.05663381,5.42514E-08,0.1541577
0,600,0.003681425,0.05657314,5.417682E-08,0.1539285
0,603,0.003675125,0.05651303,5.410316E-08,0.1537025
0,606,0.003668911,0.05645345,5.403039E-08,0.1534793
0,609,0.003662777,0.05639439,5.395851E-08,0.1532591
0,612,0.003656722,0.05633584,5.388748E-08,0.1530416
0,615,0.003650742,0.05627778,5.381728E-08,0.1528269
0,618,0.003644834,0.0562202,5.37479E-08,0.152615
0,621,0.003638995,0.05616309,5.367932E-08,0.1524056
0,624,0.003633221,0.05610643,5.361151E-08,0.1521988
0,627,0.003627511,0.05605022,5.354446E-08,0.1519945
0,630,0.003621861,0.05599444,5.347815E-08,0.1517926
0,633,0.003616268,0.05593907,5.341256E-08,0.1515931
0,636,0.00361073,0.05588412,5.334767E-08,0.1513959
0,639,0.003605245,0.05582955,5.328347E-08,0.1512011
0,642,0.00359981,0.05577538,5.321994E-08,0.1510084
0,645,0.003594423,0.05572158,5.315706E-08,0.1508179
0,648,0.003589081,0.05566815,5.309482E-08,0.1506295
0,651,0.003583782,0.05561506,5.30332E-08,0.1504432
0,654,0.003578524,0.05556233,5.29722E-08,0.1502589
0,657,0.003573305,0.05550993,5.291178E-08,0.1500765
0,660,0.003568123,0.05545785,5.285194E-08,0.1498961
0,663,0.003562976,0.0554061,5.279267E-08,0.1497175
0,666,0.003557862,0.05535465,5.273394E-08,0.1495408
0,669,0.003552779,0.0553035,5.267575E-08,0.1493659
0,672,0.003547726,0.05525264,5.261809E-08,0.1491927
0,675,0.0035427,0.05520206,5.256093E-08,0.1490212
0,678,0.003537699,0.05515176,5.250428E-08,0.1488513
0,681,0.003532724,0.05510172,5.24481E-08,0.1486831
0,684,0.003527771,0.05505194,5.239241E-08,0.1485165
0,687,0.003522839,0.05500242,5.233717E-08,0.1483514
0,690,0.003517926,0.05495314,5.228238E-08,0.1481878
0,693,0.003513032,0.05490409,5.222803E-08,0.1480257
0,696,0.003508155,0.05485528,5.217411E-08,0.147865
0,699,0.003503293,0.05480668,5.212061E-08,0.1477057
0,702,0.003498446,0.05475831,5.206751E-08,0.1475478
0,705,0.003493611,0.05471014,5.201481E-08,0.1473912
0,708,0.003488788,0.05466218,5.196249E-08,0.1472358
0,711,0.003483976,0.05461441,5.191055E-08,0.1470818
0,714,0.003479173,0.05456683,5.185898E-08,0.146929
0,717,0.003474378,0.05451944,5.180777E-08,0.1467774
0,720,0.00346959,0.05447223,5.17569E-08,0.1466269
0,723,0.003464808,0.05442519,5.170637E-08,0.1464777
0,726,0.003460031,0.05437832,5.165617E-08,0.1463295
0,729,0.003455259,0.05433162,5.160629E-08,0.1461824
0,732,0.003450489,0.05428506,5.155673E-08,0.1460364
0,735,0.003445722,0.05423867,5.150747E-08,0.1458914
0,738,0.003440956,0.05419241,5.14585E-08,0.1457474
0,741,0.003436191,0.0541463,5.140982E-08,0.1456044
0,744,0.003431425,0.05410033,5.136143E-08,0.1454623
0,747,0.003426658,0.05405449,5.131331E-08,0.1453211
0,750,0.003421889,0.05400877,5.126545E-08,0.1451809
0,753,0.003417117,0.05396318,5.121785E-08,0.1450416
0,756,0.003412342,0.05391771,5.117051E-08,0.1449031
0,759,0.003407563,0.05387235,5.11234E-08,0.1447654
0,762,0.003402779,0.0538271,5.107654E-08,0.1446286
0,765,0.00339799,0.05378196,5.102991E-08,0.1444925
0,768,0.003393194,0.05373692,5.098349E-08,0.1443572
0,771,0.003388392,0.05369197,5.09373E-08,0.1442227
0,774,0.003383583,0.05364712,5.089132E-08,0.1440889
0,777,0.003378766,0.05360236,5.084555E-08,0.1439558
0,780,0.00337394,0.05355768,5.079997E-08,0.1438234
0,783,0.003369106,0.05351309,5.075459E-08,0.1436917
0,786,0.003364262,0.05346858,5.070939E-08,0.1435606
0,789,0.003359408,0.05342413,5.066438E-08,0.1434301
0,792,0.003354544,0.05337977,5.061954E-08,0.1433003
0,795,0.00334967,0.05333547,5.057488E-08,0.143171
0,798,0.003344784,0.05329124,5.053037E-08,0.1430424
0,801,0.003339886,0.05324706,5.048604E-08,0.1429143
0,804,0.003334976,0.05320295,5.044185E-08,0.1427867
0,807,0.003330054,0.05315889,5.039782E-08,0.1426596
0,810,0.003325119,0.05311488,5.035393E-08,0.1425331
0,813,0.003320171,0.05307093,5.031018E-08,0.1424071
0,816,0.00331521,0.05302702,5.026656E-08,0.1422815
0,819,0.003310235,0.05298315,5.022308E-08,0.1421565
0,822,0.003305245,0.05293932,5.017973E-08,0.1420318
0,825,0.003300242,0.05289553,5.01365E-08,0.1419076
0,828,0.003295223,0.05285178,5.009338E-08,0.1417839
0,831,0.00329019,0.05280806,5.005038E-08,0.1416605
0,834,0.003285142,0.05276437,5.000749E-08,0.1415376
0,837,0.003280078,0.05272071,4.99647E-08,0.141415
0,840,0.003274999,0.05267708,4.992202E-08,0.1412928
0,843,0.003269903,0.05263347,4.987944E-08,0.1411709
0,846,0.003264792,0.05258988,4.983694E-08,0.1410494
0,849,0.003259664,0.0525463,4.979454E-08,0.1409282
0,852,0.00325452,0.05250275,4.975222E-08,0.1408074
0,855,0.00324936,0.05245921,4.970999E-08,0.1406868
0,858,0.003244182,0.05241568,4.966784E-08,0.1405666
0,861,0.003238988,0.05237215,4.962576E-08,0.1404466
0,864,0.003233776,0.05232864,4.958375E-08,0.1403269
0,867,0.003228548,0.05228513,4.954181E-08,0.1402075
0,870,0.003223302,0.05224163,4.949995E-08,0.1400883
0,873,0.003218039,0.05219813,4.945814E-08,0.1399693
0,876,0.003212758,0.05215462,4.941639E-08,0.1398506
0,879,0.003207459,0.05211112,4.937469E-08,0.1397321
0,882,0.003202143,0.05206761,4.933306E-08,0.1396138
0,885,0.003196809,0.0520241,4.929147E-08,0.1394958
0,888,0.003191457,0.05198057,4.924993E-08,0.1393779
0,891,0.003186087,0.05193704,4.920843E-08,0.1392602
0,894,0.003180699,0.0518935,4.916697E-08,0.1391426
0,897,0.003175293,0.05184995,4.912556E-08,0.1390253
0,900,0.00316987,0.05180638,4.908418E-08,0.1389081
0,903,0.003164427,0.0517628,4.904284E-08,0.138791
0,906,0.003158967,0.0517192,4.900153E-08,0.1386741
0,909,0.003153489,0.05167558,4.896025E-08,0.1385573
0,912,0.003147992,0.05163194,4.891899E-08,0.1384407
0,915,0.003142477,0.05158829,4.887776E-08,0.1383241
0,918,0.003136944,0.0515446,4.883654E-08,0.1382077
0,921,0.003131393,0.0515009,4.879535E-08,0.1380913
0,924,0.003125824,0.05145717,4.875418E-08,0.1379751
0,927,0.003120236,0.05141341,4.871302E-08,0.1378589
0,930,0.00311463,0.05136962,4.867188E-08,0.1377429
0,933,0.003109007,0.05132581,4.863075E-08,0.1376269
0,936,0.003103365,0.05128196,4.858962E-08,0.1375109
0,939,0.003097705,0.05123809,4.85485E-08,0.137395
0,942,0.003092027,0.05119418,4.850739E-08,0.1372792
0,945,0.003086331,0.05115023,4.846628E-08,0.1371634
0,948,0.003080617,0.05110626,4.842517E-08,0.1370476
0,951,0.003074886,0.05106224,4.838406E-08,0.1369319
0,954,0.003069136,0.05101819,4.834295E-08,0.1368162
0,957,0.003063369,0.0509741,4.830184E-08,0.1367006
0,960,0.003057584,0.05092997,4.826071E-08,0.1365849
0,963,0.003051782,0.05088581,4.821958E-08,0.1364693
0,966,0.003045961,0.0508416,4.817845E-08,0.1363537
0,969,0.003040124,0.05079735,4.81373E-08,0.136238
0,972,0.003034269,0.05075306,4.809613E-08,0.1361224
0,975,0.003028397,0.05070872,4.805496E-08,0.1360067
0,978,0.003022508,0.05066434,4.801376E-08,0.1358911
0,981,0.003016602,0.05061992,4.797256E-08,0.1357754
0,984,0.003010679,0.05057544,4.793133E-08,0.1356597
0,987,0.003004739,0.05053093,4.789008E-08,0.1355439
0,990,0.002998782,0.05048636,4.784881E-08,0.1354281
0,993,0.002992808,0.05044175,4.780752E-08,0.1353123
0,996,0.002986818,0.05039708,4.776621E-08,0.1351964
0,999,0.002980812,0.05035237,4.772487E-08,0.1350805
0,1002,0.002974789,0.05030761,4.76835E-08,0.1349646
0,1005,0.00296875,0.05026279,4.764211E-08,0.1348486
0,1008,0.002962695,0.05021793,4.760069E-08,0.1347325
0,1011,0.002956624,0.05017301,4.755923E-08,0.1346163
0,1014,0.002950537,0.05012804,4.751775E-08,0.1345001
0,1017,0.002944435,0.05008301,4.747623E-08,0.1343838
0,1020,0.002938316,0.05003793,4.743469E-08,0.1342675
0,1023,0.002932183,0.0499928,4.73931E-08,0.134151
0,1026,0.002926034,0.04994761,4.735148E-08,0.1340345
0,1029,0.00291987,0.04990237,4.730983E-08,0.1339179
0,1032,0.002913691,0.04985707,4.726813E-08,0.1338012
0,1035,0.002907498,0.04981171,4.72264E-08,0.1336844
0,1038,0.002901289,0.0497663,4.718463E-08,0.1335676
0,1041,0.002895066,0.04972083,4.714283E-08,0.1334506
0,1044,0.002888829,0.0496753,4.710098E-08,0.1333335
0,1047,0.002882577,0.04962971,4.705908E-08,0.1332163
0,1050,0.002876311,0.04958406,4.701715E-08,0.133099
0,1053,0.002870031,0.04953836,4.697517E-08,0.1329816
0,1056,0.002863738,0.0494926,4.693315E-08,0.1328641
0,1059,0.00285743,0.04944677,4.689108E-08,0.1327465
0,1062,0.002851109,0.04940089,4.684896E-08,0.1326287
0,1065,0.002844775,0.04935494,4.68068E-08,0.1325109
0,1068,0.002838428,0.04930894,4.67646E-08,0.1323929
0,1071,0.002832068,0.04926287,4.672235E-08,0.1322748
0,1074,0.002825695,0.04921674,4.668004E-08,0.1321565
0,1077,0.002819309,0.04917055,4.663769E-08,0.1320382
0,1080,0.00281291,0.0491243,4.659529E-08,0.1319197
0,1083,0.0028065,0.04907799,4.655283E-08,0.131801
0,1086,0.002800077,0.04903161,4.651033E-08,0.1316823
0,1089,0.002793642,0.04898518,4.646778E-08,0.1315634
0,1092,0.002787195,0.04893867,4.642517E-08,0.1314443
0,1095,0.002780737,0.04889211,4.638251E-08,0.1313251
0,1098,0.002774267,0.04884548,4.63398E-08,0.1312058
0,1101,0.002767786,0.04879879,4.629704E-08,0.1310863
0,1104,0.002761294,0.04875204,4.625422E-08,0.1309667
0,1107,0.00275479,0.04870522,4.621135E-08,0.130847
0,1110,0.002748276,0.04865834,4.616842E-08,0.1307271
0,1113,0.002741751,0.04861139,4.612544E-08,0.130607
0,1116,0.002735216,0.04856438,4.60824E-08,0.1304868
0,1119,0.002728671,0.04851731,4.603931E-08,0.1303664
0,1122,0.002722115,0.04847017,4.599616E-08,0.1302459
0,1125,0.00271555,0.04842297,4.595295E-08,0.1301252
0,1128,0.002708975,0.0483757,4.590969E-08,0.1300044
0,1131,0.00270239,0.04832837,4.586636E-08,0.1298834
0,1134,0.002695795,0.04828098,4.582299E-08,0.1297623
0,1137,0.002689192,0.04823352,4.577955E-08,0.129641
0,1140,0.00268258,0.04818599,4.573605E-08,0.1295195
0,1143,0.002675958,0.0481384,4.56925E-08,0.1293978
0,1146,0.002669329,0.04809075,4.564889E-08,0.1292761
0,1149,0.00266269,0.04804303,4.560522E-08,0.1291541
0,1152,0.002656043,0.04799525,4.556149E-08,0.129032
0,1155,0.002649389,0.0479474,4.551771E-08,0.1289097
0,1158,0.002642726,0.04789949,4.547385E-08,0.1287872
0,1161,0.002636055,0.04785151,4.542995E-08,0.1286646
0,1164,0.002629377,0.04780348,4.538598E-08,0.1285418
0,1167,0.002622691,0.04775537,4.534195E-08,0.1284188
0,1170,0.002615999,0.0477072,4.529786E-08,0.1282957
0,1173,0.002609299,0.04765897,4.525372E-08,0.1281724
0,1176,0.002602592,0.04761067,4.520951E-08,0.1280489
0,1179,0.002595879,0.04756231,4.516524E-08,0.1279253
0,1182,0.002589159,0.04751388,4.512091E-08,0.1278015
0,1185,0.002582433,0.04746539,4.507652E-08,0.1276775
0,1188,0.0025757,0.04741684,4.503207E-08,0.1275533
0,1191,0.002568962,0.04736822,4.498756E-08,0.127429
0,1194,0.002562218,0.04731954,4.494299E-08,0.1273045
0,1197,0.002555469,0.0472708,4.489835E-08,0.1271798
0,1200,0.002548713,0.04722199,4.485366E-08,0.127055
0,1203,0.002541953,0.04717312,4.48089E-08,0.1269299
0,1206,0.002535188,0.04712418,4.476409E-08,0.1268047
0,1209,0.002528417,0.04707519,4.471921E-08,0.1266794
0,1212,0.002521642,0.04702613,4.467427E-08,0.1265538
0,1215,0.002514863,0.04697701,4.462927E-08,0.1264281
0,1218,0.002508079,0.04692782,4.458421E-08,0.1263022
0,1221,0.002501291,0.04687858,4.453909E-08,0.1261761
0,1224,0.002494499,0.04682927,4.449391E-08,0.1260499
0,1227,0.002487703,0.0467799,4.444867E-08,0.1259235
0,1230,0.002480903,0.04673047,4.440336E-08,0.1257969
0,1233,0.002474101,0.04668097,4.4358E-08,0.1256701
0,1236,0.002467294,0.04663142,4.431257E-08,0.1255432
0,1239,0.002460485,0.0465818,4.426709E-08,0.1254161
0,1242,0.002453672,0.04653212,4.422154E-08,0.1252888
0,1245,0.002446857,0.04648239,4.417594E-08,0.1251613
0,1248,0.00244004,0.04643259,4.413027E-08,0.1250337
0,1251,0.002433219,0.04638273,4.408455E-08,0.1249059
0,1254,0.002426397,0.04633281,4.403876E-08,0.1247779
0,1257,0.002419572,0.04628284,4.399292E-08,0.1246497
0,1260,0.002412746,0.0462328,4.394701E-08,0.1245214
0,1263,0.002405918,0.04618271,4.390105E-08,0.1243929
0,1266,0.002399088,0.04613255,4.385503E-08,0.1242643
0,1269,0.002392257,0.04608234,4.380894E-08,0.1241354
0,1272,0.002385424,0.04603207,4.37628E-08,0.1240064
0,1275,0.002378591,0.04598174,4.37166E-08,0.1238772
0,1278,0.002371756,0.04593135,4.367034E-08,0.1237479
0,1281,0.002364921,0.04588091,4.362402E-08,0.1236184
0,1284,0.002358085,0.04583041,4.357765E-08,0.1234887
0,1287,0.002351249,0.04577985,4.353122E-08,0.1233588
0,1290,0.002344413,0.04572923,4.348473E-08,0.1232288
0,1293,0.002337576,0.04567856,4.343817E-08,0.1230986
0,1296,0.00233074,0.04562783,4.339157E-08,0.1229682
0,1299,0.002323904,0.04557705,4.33449E-08,0.1228377
0,1302,0.002317068,0.04552621,4.329818E-08,0.122707
0,1305,0.002310233,0.04547532,4.325141E-08,0.1225762
0,1308,0.002303398,0.04542437,4.320457E-08,0.1224451
0,1311,0.002296565,0.04537337,4.315768E-08,0.1223139
0,1314,0.002289732,0.04532231,4.311074E-08,0.1221826
0,1317,0.002282901,0.0452712,4.306374E-08,0.1220511
0,1320,0.00227607,0.04522003,4.301668E-08,0.1219194
0,1323,0.002269242,0.04516882,4.296957E-08,0.1217876
0,1326,0.002262415,0.04511755,4.29224E-08,0.1216556
0,1329,0.00225559,0.04506622,4.287518E-08,0.1215234
0,1332,0.002248767,0.04501485,4.28279E-08,0.1213911
0,1335,0.002241946,0.04496342,4.278057E-08,0.1212586
0,1338,0.002235127,0.04491194,4.273319E-08,0.121126
0,1341,0.00222831,0.04486042,4.268575E-08,0.1209932
0,1344,0.002221497,0.04480883,4.263826E-08,0.1208603
0,1347,0.002214686,0.04475721,4.259072E-08,0.1207272
0,1350,0.002207877,0.04470553,4.254312E-08,0.1205939
0,1353,0.002201072,0.0446538,4.249548E-08,0.1204605
0,1356,0.00219427,0.04460202,4.244778E-08,0.120327
0,1359,0.002187471,0.04455019,4.240002E-08,0.1201933
0,1362,0.002180676,0.04449832,4.235222E-08,0.1200594
0,1365,0.002173884,0.04444639,4.230437E-08,0.1199254
0,1368,0.002167096,0.04439442,4.225646E-08,0.1197912
0,1371,0.002160311,0.0443424,4.220851E-08,0.1196569
0,1374,0.002153531,0.04429033,4.21605E-08,0.1195225
0,1377,0.002146755,0.04423822,4.211245E-08,0.1193879
0,1380,0.002139983,0.04418606,4.206435E-08,0.1192531
0,1383,0.002133216,0.04413386,4.20162E-08,0.1191183
0,1386,0.002126453,0.04408161,4.1968E-08,0.1189832
0,1389,0.002119695,0.04402931,4.191975E-08,0.118848
0,1392,0.002112942,0.04397697,4.187145E-08,0.1187127
0,1395,0.002106193,0.04392459,4.182311E-08,0.1185773
0,1398,0.00209945,0.04387216,4.177472E-08,0.1184417
0,1401,0.002092712,0.04381969,4.172628E-08,0.118306
0,1404,0.002085979,0.04376718,4.167779E-08,0.1181701
0,1407,0.002079252,0.04371462,4.162926E-08,0.1180341
0,1410,0.00207253,0.04366202,4.158069E-08,0.1178979
0,1413,0.002065815,0.04360938,4.153206E-08,0.1177617
0,1416,0.002059104,0.0435567,4.14834E-08,0.1176253
0,1419,0.0020524,0.04350397,4.143469E-08,0.1174887
0,1422,0.002045702,0.04345121,4.138593E-08,0.117352
0,1425,0.002039011,0.04339841,4.133714E-08,0.1172152
0,1428,0.002032325,0.04334556,4.12883E-08,0.1170783
0,1431,0.002025647,0.04329268,4.123941E-08,0.1169413
0,1434,0.002018974,0.04323976,4.119048E-08,0.1168041
0,1437,0.002012309,0.04318679,4.114152E-08,0.1166668
0,1440,0.00200565,0.0431338,4.10925E-08,0.1165293
0,1443,0.001998998,0.04308076,4.104345E-08,0.1163918
0,1446,0.001992354,0.04302769,4.099435E-08,0.1162541
0,1449,0.001985716,0.04297458,4.094522E-08,0.1161163
0,1452,0.001979086,0.04292143,4.089605E-08,0.1159784
0,1455,0.001972463,0.04286825,4.084683E-08,0.1158404
0,1458,0.001965848,0.04281503,4.079758E-08,0.1157022
0,1461,0.00195924,0.04276177,4.074829E-08,0.1155639
0,1464,0.001952641,0.04270849,4.069895E-08,0.1154255
0,1467,0.001946049,0.04265516,4.064959E-08,0.115287
0,1470,0.001939465,0.04260181,4.060018E-08,0.1151484
0,1473,0.001932889,0.04254841,4.055073E-08,0.1150097
0,1476,0.001926321,0.04249499,4.050125E-08,0.1148709
0,1479,0.001919762,0.04244154,4.045173E-08,0.1147319
0,1482,0.00191321,0.04238805,4.040218E-08,0.1145929
0,1485,0.001906668,0.04233453,4.035259E-08,0.1144537
0,1488,0.001900134,0.04228098,4.030297E-08,0.1143145
0,1491,0.001893609,0.04222739,4.025331E-08,0.1141751
0,1494,0.001887092,0.04217378,4.020361E-08,0.1140356
0,1497,0.001880585,0.04212014,4.015389E-08,0.113896
0,1500,0.001874086,0.04206647,4.010412E-08,0.1137564
0,1503,0.001867597,0.04201277,4.005433E-08,0.1136166
0,1506,0.001861117,0.04195904,4.00045E-08,0.1134767
0,1509,0.001854646,0.04190528,3.995464E-08,0.1133367
0,1512,0.001848184,0.04185149,3.990475E-08,0.1131967
0,1515,0.001841732,0.04179768,3.985483E-08,0.1130565
0,1518,0.00183529,0.04174384,3.980487E-08,0.1129163
0,1521,0.001828857,0.04168998,3.975488E-08,0.1127759
0,1524,0.001822434,0.04163608,3.970487E-08,0.1126355
0,1527,0.001816021,0.04158216,3.965483E-08,0.1124949
0,1530,0.001809618,0.04152822,3.960475E-08,0.1123543
0,1533,0.001803225,0.04147425,3.955465E-08,0.1122136
0,1536,0.001796842,0.04142026,3.950451E-08,0.1120728
0,1539,0.001790469,0.04136624,3.945435E-08,0.1119319
0,1542,0.001784106,0.0413122,3.940417E-08,0.111791
0,1545,0.001777754,0.04125814,3.935395E-08,0.1116499
0,1548,0.001771413,0.04120405,3.930371E-08,0.1115088
0,1551,0.001765081,0.04114994,3.925344E-08,0.1113676
0,1554,0.001758761,0.04109582,3.920315E-08,0.1112263
0,1557,0.001752451,0.04104166,3.915283E-08,0.111085
0,1560,0.001746152,0.04098749,3.910248E-08,0.1109435
0,1563,0.001739864,0.0409333,3.905211E-08,0.110802
0,1566,0.001733587,0.04087909,3.900172E-08,0.1106604
0,1569,0.001727321,0.04082485,3.895131E-08,0.1105188
0,1572,0.001721065,0.0407706,3.890086E-08,0.110377
0,1575,0.001714822,0.04071633,3.88504E-08,0.1102352
0,1578,0.001708589,0.04066205,3.879991E-08,0.1100933
0,1581,0.001702368,0.04060774,3.874941E-08,0.1099514
0,1584,0.001696158,0.04055341,3.869888E-08,0.1098094
0,1587,0.001689959,0.04049908,3.864833E-08,0.1096673
0,1590,0.001683772,0.04044472,3.859775E-08,0.1095252
0,1593,0.001677597,0.04039034,3.854716E-08,0.109383
0,1596,0.001671433,0.04033596,3.849655E-08,0.1092407
0,1599,0.001665281,0.04028155,3.844592E-08,0.1090984
0,1602,0.001659141,0.04022713,3.839527E-08,0.108956
0,1605,0.001653013,0.0401727,3.83446E-08,0.1088136
0,1608,0.001646897,0.04011825,3.829392E-08,0.1086711
0,1611,0.001640793,0.04006379,3.824321E-08,0.1085285
0,1614,0.0016347,0.04000932,3.819249E-08,0.1083859
0,1617,0.00162862,0.03995483,3.814175E-08,0.1082433
0,1620,0.001622553,0.03990033,3.809099E-08,0.1081006
0,1623,0.001616497,0.03984582,3.804022E-08,0.1079578
0,1626,0.001610454,0.0397913,3.798943E-08,0.107815
0,1629,0.001604423,0.03973676,3.793863E-08,0.1076721
0,1632,0.001598404,0.03968222,3.788781E-08,0.1075292
0,1635,0.001592398,0.03962766,3.783698E-08,0.1073863
0,1638,0.001586405,0.0395731,3.778614E-08,0.1072433
0,1641,0.001580424,0.03951853,3.773528E-08,0.1071003
0,1644,0.001574456,0.03946394,3.76844E-08,0.1069572
0,1647,0.001568501,0.03940935,3.763352E-08,0.1068141
0,1650,0.001562558,0.03935476,3.758262E-08,0.1066709
0,1653,0.001556628,0.03930015,3.753171E-08,0.1065277
0,1656,0.001550711,0.03924553,3.748079E-08,0.1063845
0,1659,0.001544807,0.03919091,3.742986E-08,0.1062412
0,1662,0.001538916,0.03913629,3.737892E-08,0.1060979
0,1665,0.001533038,0.03908166,3.732796E-08,0.1059545
0,1668,0.001527173,0.03902702,3.7277E-08,0.1058112
0,1671,0.001521321,0.03897237,3.722603E-08,0.1056678
0,1674,0.001515483,0.03891773,3.717505E-08,0.1055243
0,1677,0.001509657,0.03886307,3.712406E-08,0.1053809
0,1680,0.001503845,0.03880842,3.707306E-08,0.1052374
0,1683,0.001498046,0.03875376,3.702206E-08,0.1050938
0,1686,0.001492261,0.03869909,3.697104E-08,0.1049503
0,1689,0.001486489,0.03864443,3.692002E-08,0.1048067
0,1692,0.00148073,0.03858976,3.6869E-08,0.1046631
0,1695,0.001474985,0.03853509,3.681797E-08,0.1045195
0,1698,0.001469253,0.03848042,3.676693E-08,0.1043759
0,1701,0.001463535,0.03842575,3.671589E-08,0.1042322
0,1704,0.001457831,0.03837107,3.666484E-08,0.1040886
0,1707,0.00145214,0.0383164,3.661378E-08,0.1039449
0,1710,0.001446463,0.03826173,3.656273E-08,0.1038012
0,1713,0.001440799,0.03820705,3.651167E-08,0.1036575
0,1716,0.001435149,0.03815238,3.646061E-08,0.1035137
0,1719,0.001429513,0.03809771,3.640954E-08,0.10337
0,1722,0.001423891,0.03804304,3.635847E-08,0.1032262
0,1725,0.001418283,0.03798838,3.63074E-08,0.1030825
0,1728,0.001412689,0.03793371,3.625633E-08,0.1029387
0,1731,0.001407108,0.03787905,3.620525E-08,0.1027949
0,1734,0.001401542,0.03782439,3.615418E-08,0.1026511
0,1737,0.001395989,0.03776974,3.61031E-08,0.1025073
0,1740,0.001390451,0.03771509,3.605203E-08,0.1023635
0,1743,0.001384926,0.03766044,3.600095E-08,0.1022197
0,1746,0.001379416,0.0376058,3.594988E-08,0.1020759
0,1749,0.00137392,0.03755116,3.58988E-08,0.1019321
0,1752,0.001368437,0.03749653,3.584773E-08,0.1017883
0,1755,0.001362969,0.03744191,3.579666E-08,0.1016445
0,1758,0.001357516,0.03738729,3.574559E-08,0.1015007
0,1761,0.001352076,0.03733268,3.569453E-08,0.1013569
0,1764,0.001346651,0.03727807,3.564346E-08,0.1012131
0,1767,0.00134124,0.03722348,3.55924E-08,0.1010693
0,1770,0.001335843,0.03716889,3.554135E-08,0.1009255
0,1773,0.00133046,0.03711431,3.54903E-08,0.1007817
0,1776,0.001325092,0.03705974,3.543925E-08,0.1006379
0,1779,0.001319738,0.03700517,3.53882E-08,0.1004942
0,1782,0.001314399,0.03695062,3.533717E-08,0.1003504
0,1785,0.001309074,0.03689608,3.528613E-08,0.1002067
0,1788,0.001303763,0.03684154,3.523511E-08,0.100063
0,1791,0.001298467,0.03678702,3.518409E-08,0.09991924
0,1794,0.001293185,0.03673251,3.513308E-08,0.09977555
0,1797,0.001287918,0.036678,3.508207E-08,0.09963187
0,1800,0.001282665,0.03662351,3.503107E-08,0.09948821
